十宗罪6：本书根据真实案例改编而成。十宗罪系列第6季重磅回归（...,¥31.70,93%推荐
东野圭吾新作：白金数据（凶手，竟然是我自己？！）,¥21.00,98.2%推荐
情商,¥12.99,99.7%推荐
朋友圈的尖子生,¥26.20,94.3%推荐
牧羊少年奇幻之旅,¥33.80,97.8%推荐
刺杀骑士团长：村上春树暌违7年新长篇，林少华激赏翻译，书名又译...,¥31.20,100%推荐
思考世界的孩子（全2册）：问个不停卷+想个不停卷,¥76.30,98.3%推荐
默读,¥86.88,99.8%推荐
夏日终曲（第90届奥斯卡获奖电影《请以你的名字呼唤我》原著小说...,¥93.20,100%推荐
房思琪的初恋乐园,¥31.70,99.2%推荐
有你真好（全三册）,¥25.20,100%推荐
苏东坡传（林语堂精装2018版）,¥31.00,98.9%推荐
正向沟通：非暴力人际沟通技巧,¥9.99,100%推荐
小学问 : 解决你的7种人生焦虑(团购请致电010-57993149),¥37.70,100%推荐
蒲公英王朝：七王之战（刘宇昆！征服欧美科幻界的华裔作家！）,¥39.00,86%推荐
投资中不简单的事,¥26.90,93.8%推荐
饮食滋味 《黄帝内经》饮食版！畅销书《黄帝内经说什么》作者徐文...,¥28.60,99.1%推荐
散落星河的记忆3：化蝶,¥18.99,100%推荐
新时代面对面――理论热点面对面2018（团购请联系电话010-579931...,¥46.50,89.6%推荐
与情绪温柔相处,¥18.99,99.5%推荐
